{
    "type": "mining_dimension:mining_dimension",
    "generator": {
        "type": "minecraft:noise",
        "settings": "mining_dimension:mining_dimension",
        "biome_source": {
            "type": "minecraft:multi_noise",
            "biomes": [
                {   
                    "biome": "mining_dimension:mining_dimension",
                    "parameters": {
                        "temperature": 0.05,
                        "humidity": 0,
                        "continentalness": 0,
                        "erosion": 0,
                        "weirdness": 0,
                        "depth": 0,
                        "offset": 0
                    }
                }
            ]
        }
    }
}