{
    "type": "minecraft:ore",
    "config": {
      "discard_chance_on_air_exposure": 0.7,
      "size": 20,
      "targets": [
        {
          "state": {
            "Name": "minecraft:diamond_ore"
          },
          "target": {
            "predicate_type": "minecraft:tag_match",
            "tag": "minecraft:stone_ore_replaceables"
          }
        },
        {
          "state": {
            "Name": "minecraft:deepslate_diamond_ore"
          },
          "target": {
            "predicate_type": "minecraft:tag_match",
            "tag": "minecraft:deepslate_ore_replaceables"
          }
        }
      ]
    }
  }