{
    "feature": "mining_dimension:ore_clay",
    "placement": [
      {
        "type": "minecraft:count",
        "count": {
            "type": "minecraft:uniform",
            "max_inclusive": 2,
            "min_inclusive": 1
        }
      },
      {
        "type": "minecraft:in_square"
      },
      {
        "type": "minecraft:height_range",
        "height": {
          "type": "minecraft:uniform",
          "max_inclusive": {
            "absolute": 320
          },
          "min_inclusive": {
            "absolute": 256
          }
        }
      },
      {
        "type": "minecraft:biome"
      }
    ]
  }